group,value
treatment,9.502
control,9.258
control,8.65
treatment,11.74
treatment,11.451
control,11.158
control,8.74
control,10.033
control,9.086
control,10.254
control,10.375
control,8.731
control,10.148
treatment,12.294
control,11.296
treatment,10.182
control,12.242
treatment,8.767
control,10.149
treatment,13.359
control,12.766
control,9.946
treatment,9.877
control,8.061
treatment,9.666
control,12.304
control,9.639
treatment,8.582
control,11.007
control,10.095
treatment,13.077
control,12.048
treatment,13.117
control,9.726
control,8.826
treatment,11.312
treatment,14.857
control,8.583
treatment,13.491
treatment,12.431
control,4.472
treatment,12.086
control,11.883
treatment,9.355
treatment,13.738
control,8.607
control,11.492
control,10.493
treatment,9.04
treatment,13.276
treatment,10.028
treatment,10.81
treatment,7.177
control,7.378
treatment,6.498
treatment,10.873
treatment,11.336
treatment,12.623
control,10.985
treatment,13.545
control,10.801
treatment,8.186
control,11.788
treatment,12.657
control,12.911
treatment,8.885
control,8.738
control,8.688
control,11.883
control,11.817
treatment,11.413
treatment,14.442
treatment,10.934
control,7.991
control,6.884
treatment,11.625
treatment,11.697
control,10.527
treatment,12.343
control,10.918
treatment,10.299
control,9.196
treatment,10.218
control,13.875
treatment,14.266
control,8.987
control,10.288
treatment,7.92
treatment,12.306
treatment,10.308
control,13.122
treatment,11.024
treatment,7.468
treatment,10.44
treatment,9.54
treatment,15.349
control,11.127
treatment,10.248
treatment,10.185
treatment,6.351
treatment,6.576
control,8.377
treatment,6.883
control,13.252
control,10.05
treatment,8.478
control,8.429
control,13.278
control,7.222
treatment,9.691
treatment,12.086
treatment,11.15
control,13.81
control,7.239
treatment,11.595
control,12.372
treatment,12.925
treatment,9.17
control,8.076
treatment,15.774
treatment,9.971
control,13.189
treatment,13.86
treatment,11.34
control,14.098
treatment,8.278
control,11.339
control,10.996
control,10.9
treatment,9.825
control,10.322
treatment,10.43
control,8.592
control,9.784
treatment,10.81
treatment,6.766
control,11.076
control,11.299
control,9.295
treatment,11.309
control,8.171
control,6.835
control,8.415
treatment,9.36
treatment,9.962
treatment,9.872
control,10.666
control,11.149
control,11.993
treatment,10.944
control,8.892
treatment,8.459
control,7.165
treatment,13.608
treatment,9.792
control,10.234
treatment,7.218
control,2.485
treatment,8.869
treatment,10.201
treatment,10.009
treatment,10.171
control,6.938
treatment,12.501
control,9.425
control,10.161
treatment,8.265
control,7.645
treatment,9.852
control,11.65
control,11.431
control,12.344
treatment,10.693
control,8.4
control,7.066
control,9.723
treatment,8.195
control,11.459
treatment,9.053
control,7.832
control,11.99
treatment,12.08
control,10.112
treatment,9.829
treatment,8.429
control,12.155
control,8.061
control,11.279
treatment,11.527
treatment,14.983
treatment,12.612
treatment,12.842
treatment,10.939
control,11.516
control,10.514
treatment,9.709
treatment,11.795
control,10.811
treatment,9.858
control,10.579
